testPoint,feature,observation,substance,concentration,unit
http://w3id.org/sawgraph/v1/me-egad-data#samplePoint.146496,http://w3id.org/sawgraph/v1/me-egad-data#sampledFeature.146496,http://w3id.org/sawgraph/v1/me-egad-data#observation.AAL210144001R.20210112.1763231,http://w3id.org/sawgraph/v1/me-egad-data#parameter.PFOS_A,413.0,http://qudt.org/vocab/unit/NanoGM-PER-L
http://w3id.org/sawgraph/v1/me-egad-data#samplePoint.146496,http://w3id.org/sawgraph/v1/me-egad-data#sampledFeature.146496,http://w3id.org/sawgraph/v1/me-egad-data#observation.AAL210144001R.20210112.DEP18010,http://w3id.org/sawgraph/v1/me-egad-data#parameter.SUM_PFOA_PFOS,413.0,http://qudt.org/vocab/unit/NanoGM-PER-L
http://w3id.org/sawgraph/v1/me-egad-data#samplePoint.152668,http://w3id.org/sawgraph/v1/me-egad-data#sampledFeature.152668,http://w3id.org/sawgraph/v1/me-egad-data#observation.AAL211038501.20210303.1763231,http://w3id.org/sawgraph/v1/me-egad-data#parameter.PFOS_A,351.0,http://qudt.org/vocab/unit/NanoGM-PER-L
http://w3id.org/sawgraph/v1/me-egad-data#samplePoint.152668,http://w3id.org/sawgraph/v1/me-egad-data#sampledFeature.152668,http://w3id.org/sawgraph/v1/me-egad-data#observation.AAL211038501.20210303.375224,http://w3id.org/sawgraph/v1/me-egad-data#parameter.PFBA_A,55.6,http://qudt.org/vocab/unit/NanoGM-PER-L
http://w3id.org/sawgraph/v1/me-egad-data#samplePoint.152668,http://w3id.org/sawgraph/v1/me-egad-data#sampledFeature.152668,http://w3id.org/sawgraph/v1/me-egad-data#observation.AAL211038501.20210303.39108344,http://w3id.org/sawgraph/v1/me-egad-data#parameter.8-2_FTS_A,45.4,http://qudt.org/vocab/unit/NanoGM-PER-L
http://w3id.org/sawgraph/v1/me-egad-data#samplePoint.152668,http://w3id.org/sawgraph/v1/me-egad-data#sampledFeature.152668,http://w3id.org/sawgraph/v1/me-egad-data#observation.AAL211038501.20210303.DEP18010,http://w3id.org/sawgraph/v1/me-egad-data#parameter.SUM_PFOA_PFOS,351.0,http://qudt.org/vocab/unit/NanoGM-PER-L
http://w3id.org/sawgraph/v1/me-egad-data#samplePoint.146501,http://w3id.org/sawgraph/v1/me-egad-data#sampledFeature.146501,http://w3id.org/sawgraph/v1/me-egad-data#observation.AAL211038502R.20210303.1763231,http://w3id.org/sawgraph/v1/me-egad-data#parameter.PFOS_A,2.21,http://w3id.org/coso/v1/contaminoso#NanoGM-PER-GM
http://w3id.org/sawgraph/v1/me-egad-data#samplePoint.146501,http://w3id.org/sawgraph/v1/me-egad-data#sampledFeature.146501,http://w3id.org/sawgraph/v1/me-egad-data#observation.AAL211038502R.20210303.2706903,http://w3id.org/sawgraph/v1/me-egad-data#parameter.PFPEA_A,9.87,http://w3id.org/coso/v1/contaminoso#NanoGM-PER-GM
http://w3id.org/sawgraph/v1/me-egad-data#samplePoint.146501,http://w3id.org/sawgraph/v1/me-egad-data#sampledFeature.146501,http://w3id.org/sawgraph/v1/me-egad-data#observation.AAL211038502R.20210303.307244,http://w3id.org/sawgraph/v1/me-egad-data#parameter.PFHXA_A,4.94,http://w3id.org/coso/v1/contaminoso#NanoGM-PER-GM
http://w3id.org/sawgraph/v1/me-egad-data#samplePoint.146501,http://w3id.org/sawgraph/v1/me-egad-data#sampledFeature.146501,http://w3id.org/sawgraph/v1/me-egad-data#observation.AAL211038502R.20210303.335671,http://w3id.org/sawgraph/v1/me-egad-data#parameter.PFOA_A,1.09,http://w3id.org/coso/v1/contaminoso#NanoGM-PER-GM
http://w3id.org/sawgraph/v1/me-egad-data#samplePoint.146501,http://w3id.org/sawgraph/v1/me-egad-data#sampledFeature.146501,http://w3id.org/sawgraph/v1/me-egad-data#observation.AAL211038502R.20210303.375224,http://w3id.org/sawgraph/v1/me-egad-data#parameter.PFBA_A,8.26,http://w3id.org/coso/v1/contaminoso#NanoGM-PER-GM
http://w3id.org/sawgraph/v1/me-egad-data#samplePoint.146501,http://w3id.org/sawgraph/v1/me-egad-data#sampledFeature.146501,http://w3id.org/sawgraph/v1/me-egad-data#observation.AAL211038502R.20210303.375859,http://w3id.org/sawgraph/v1/me-egad-data#parameter.PFHPA_A,3.04,http://w3id.org/coso/v1/contaminoso#NanoGM-PER-GM
http://w3id.org/sawgraph/v1/me-egad-data#samplePoint.146501,http://w3id.org/sawgraph/v1/me-egad-data#sampledFeature.146501,http://w3id.org/sawgraph/v1/me-egad-data#observation.AAL211038502R.20210303.39108344,http://w3id.org/sawgraph/v1/me-egad-data#parameter.8-2_FTS_A,1.86,http://w3id.org/coso/v1/contaminoso#NanoGM-PER-GM
http://w3id.org/sawgraph/v1/me-egad-data#samplePoint.95064,http://w3id.org/sawgraph/v1/me-egad-data#sampledFeature.95064,http://w3id.org/sawgraph/v1/me-egad-data#observation.AAL231132502.20230302.1763231,http://w3id.org/sawgraph/v1/me-egad-data#parameter.PFOS_A,2.25,http://qudt.org/vocab/unit/NanoGM-PER-L
http://w3id.org/sawgraph/v1/me-egad-data#samplePoint.95064,http://w3id.org/sawgraph/v1/me-egad-data#sampledFeature.95064,http://w3id.org/sawgraph/v1/me-egad-data#observation.AAL231132502.20230302.335671,http://w3id.org/sawgraph/v1/me-egad-data#parameter.PFOA_A,5.69,http://qudt.org/vocab/unit/NanoGM-PER-L
http://w3id.org/sawgraph/v1/me-egad-data#samplePoint.95064,http://w3id.org/sawgraph/v1/me-egad-data#sampledFeature.95064,http://w3id.org/sawgraph/v1/me-egad-data#observation.AAL231132502.20230302.355464,http://w3id.org/sawgraph/v1/me-egad-data#parameter.PFHXS_A,2.58,http://qudt.org/vocab/unit/NanoGM-PER-L
http://w3id.org/sawgraph/v1/me-egad-data#samplePoint.95064,http://w3id.org/sawgraph/v1/me-egad-data#sampledFeature.95064,http://w3id.org/sawgraph/v1/me-egad-data#observation.AAL231132502.20230302.DEP18010,http://w3id.org/sawgraph/v1/me-egad-data#parameter.SUM_PFOA_PFOS,7.94,http://qudt.org/vocab/unit/NanoGM-PER-L
http://w3id.org/sawgraph/v1/me-egad-data#samplePoint.95064,http://w3id.org/sawgraph/v1/me-egad-data#sampledFeature.95064,http://w3id.org/sawgraph/v1/me-egad-data#observation.AAL231132502.20230302.DEP18016,http://w3id.org/sawgraph/v1/me-egad-data#parameter.SUM_OF_5_PFAS,10.52,http://qudt.org/vocab/unit/NanoGM-PER-L
http://w3id.org/sawgraph/v1/me-egad-data#samplePoint.95064,http://w3id.org/sawgraph/v1/me-egad-data#sampledFeature.95064,http://w3id.org/sawgraph/v1/me-egad-data#observation.AAL231132502.20230302.DEP18018,http://w3id.org/sawgraph/v1/me-egad-data#parameter.SUM_OF_6_PFAS,10.52,http://qudt.org/vocab/unit/NanoGM-PER-L
http://w3id.org/sawgraph/v1/me-egad-data#samplePoint.95063,http://w3id.org/sawgraph/v1/me-egad-data#sampledFeature.95063,http://w3id.org/sawgraph/v1/me-egad-data#observation.AAL231132505.20230302.1763231,http://w3id.org/sawgraph/v1/me-egad-data#parameter.PFOS_A,17.2,http://qudt.org/vocab/unit/NanoGM-PER-L
http://w3id.org/sawgraph/v1/me-egad-data#samplePoint.95063,http://w3id.org/sawgraph/v1/me-egad-data#sampledFeature.95063,http://w3id.org/sawgraph/v1/me-egad-data#observation.AAL231132505.20230302.307244,http://w3id.org/sawgraph/v1/me-egad-data#parameter.PFHXA_A,4.69,http://qudt.org/vocab/unit/NanoGM-PER-L
http://w3id.org/sawgraph/v1/me-egad-data#samplePoint.95063,http://w3id.org/sawgraph/v1/me-egad-data#sampledFeature.95063,http://w3id.org/sawgraph/v1/me-egad-data#observation.AAL231132505.20230302.335671,http://w3id.org/sawgraph/v1/me-egad-data#parameter.PFOA_A,34.2,http://qudt.org/vocab/unit/NanoGM-PER-L
http://w3id.org/sawgraph/v1/me-egad-data#samplePoint.95063,http://w3id.org/sawgraph/v1/me-egad-data#sampledFeature.95063,http://w3id.org/sawgraph/v1/me-egad-data#observation.AAL231132505.20230302.355464,http://w3id.org/sawgraph/v1/me-egad-data#parameter.PFHXS_A,9.81,http://qudt.org/vocab/unit/NanoGM-PER-L
http://w3id.org/sawgraph/v1/me-egad-data#samplePoint.95063,http://w3id.org/sawgraph/v1/me-egad-data#sampledFeature.95063,http://w3id.org/sawgraph/v1/me-egad-data#observation.AAL231132505.20230302.375224,http://w3id.org/sawgraph/v1/me-egad-data#parameter.PFBA_A,2.66,http://qudt.org/vocab/unit/NanoGM-PER-L
http://w3id.org/sawgraph/v1/me-egad-data#samplePoint.95063,http://w3id.org/sawgraph/v1/me-egad-data#sampledFeature.95063,http://w3id.org/sawgraph/v1/me-egad-data#observation.AAL231132505.20230302.375859,http://w3id.org/sawgraph/v1/me-egad-data#parameter.PFHPA_A,4.88,http://qudt.org/vocab/unit/NanoGM-PER-L
http://w3id.org/sawgraph/v1/me-egad-data#samplePoint.95063,http://w3id.org/sawgraph/v1/me-egad-data#sampledFeature.95063,http://w3id.org/sawgraph/v1/me-egad-data#observation.AAL231132505.20230302.DEP18010,http://w3id.org/sawgraph/v1/me-egad-data#parameter.SUM_PFOA_PFOS,51.4,http://qudt.org/vocab/unit/NanoGM-PER-L
http://w3id.org/sawgraph/v1/me-egad-data#samplePoint.95063,http://w3id.org/sawgraph/v1/me-egad-data#sampledFeature.95063,http://w3id.org/sawgraph/v1/me-egad-data#observation.AAL231132505.20230302.DEP18016,http://w3id.org/sawgraph/v1/me-egad-data#parameter.SUM_OF_5_PFAS,66.1,http://qudt.org/vocab/unit/NanoGM-PER-L
http://w3id.org/sawgraph/v1/me-egad-data#samplePoint.95063,http://w3id.org/sawgraph/v1/me-egad-data#sampledFeature.95063,http://w3id.org/sawgraph/v1/me-egad-data#observation.AAL231132505.20230302.DEP18018,http://w3id.org/sawgraph/v1/me-egad-data#parameter.SUM_OF_6_PFAS,66.1,http://qudt.org/vocab/unit/NanoGM-PER-L
http://w3id.org/sawgraph/v1/me-egad-data#samplePoint.95063,http://w3id.org/sawgraph/v1/me-egad-data#sampledFeature.95063,http://w3id.org/sawgraph/v1/me-egad-data#observation.AAL231132506.20230302.1763231,http://w3id.org/sawgraph/v1/me-egad-data#parameter.PFOS_A,5.41,http://qudt.org/vocab/unit/NanoGM-PER-L
http://w3id.org/sawgraph/v1/me-egad-data#samplePoint.95063,http://w3id.org/sawgraph/v1/me-egad-data#sampledFeature.95063,http://w3id.org/sawgraph/v1/me-egad-data#observation.AAL231132506.20230302.2706903,http://w3id.org/sawgraph/v1/me-egad-data#parameter.PFPEA_A,1.96,http://qudt.org/vocab/unit/NanoGM-PER-L
http://w3id.org/sawgraph/v1/me-egad-data#samplePoint.95063,http://w3id.org/sawgraph/v1/me-egad-data#sampledFeature.95063,http://w3id.org/sawgraph/v1/me-egad-data#observation.AAL231132506.20230302.307244,http://w3id.org/sawgraph/v1/me-egad-data#parameter.PFHXA_A,3.32,http://qudt.org/vocab/unit/NanoGM-PER-L
http://w3id.org/sawgraph/v1/me-egad-data#samplePoint.95063,http://w3id.org/sawgraph/v1/me-egad-data#sampledFeature.95063,http://w3id.org/sawgraph/v1/me-egad-data#observation.AAL231132506.20230302.335671,http://w3id.org/sawgraph/v1/me-egad-data#parameter.PFOA_A,20.2,http://qudt.org/vocab/unit/NanoGM-PER-L
http://w3id.org/sawgraph/v1/me-egad-data#samplePoint.95063,http://w3id.org/sawgraph/v1/me-egad-data#sampledFeature.95063,http://w3id.org/sawgraph/v1/me-egad-data#observation.AAL231132506.20230302.355464,http://w3id.org/sawgraph/v1/me-egad-data#parameter.PFHXS_A,5.06,http://qudt.org/vocab/unit/NanoGM-PER-L
http://w3id.org/sawgraph/v1/me-egad-data#samplePoint.95063,http://w3id.org/sawgraph/v1/me-egad-data#sampledFeature.95063,http://w3id.org/sawgraph/v1/me-egad-data#observation.AAL231132506.20230302.375224,http://w3id.org/sawgraph/v1/me-egad-data#parameter.PFBA_A,2.59,http://qudt.org/vocab/unit/NanoGM-PER-L
http://w3id.org/sawgraph/v1/me-egad-data#samplePoint.95063,http://w3id.org/sawgraph/v1/me-egad-data#sampledFeature.95063,http://w3id.org/sawgraph/v1/me-egad-data#observation.AAL231132506.20230302.375859,http://w3id.org/sawgraph/v1/me-egad-data#parameter.PFHPA_A,2.9,http://qudt.org/vocab/unit/NanoGM-PER-L
http://w3id.org/sawgraph/v1/me-egad-data#samplePoint.95063,http://w3id.org/sawgraph/v1/me-egad-data#sampledFeature.95063,http://w3id.org/sawgraph/v1/me-egad-data#observation.AAL231132506.20230302.DEP18010,http://w3id.org/sawgraph/v1/me-egad-data#parameter.SUM_PFOA_PFOS,25.6,http://qudt.org/vocab/unit/NanoGM-PER-L
http://w3id.org/sawgraph/v1/me-egad-data#samplePoint.95063,http://w3id.org/sawgraph/v1/me-egad-data#sampledFeature.95063,http://w3id.org/sawgraph/v1/me-egad-data#observation.AAL231132506.20230302.DEP18016,http://w3id.org/sawgraph/v1/me-egad-data#parameter.SUM_OF_5_PFAS,33.6,http://qudt.org/vocab/unit/NanoGM-PER-L
http://w3id.org/sawgraph/v1/me-egad-data#samplePoint.95063,http://w3id.org/sawgraph/v1/me-egad-data#sampledFeature.95063,http://w3id.org/sawgraph/v1/me-egad-data#observation.AAL231132506.20230302.DEP18018,http://w3id.org/sawgraph/v1/me-egad-data#parameter.SUM_OF_6_PFAS,33.6,http://qudt.org/vocab/unit/NanoGM-PER-L
http://w3id.org/sawgraph/v1/me-egad-data#samplePoint.107589,http://w3id.org/sawgraph/v1/me-egad-data#sampledFeature.107589,http://w3id.org/sawgraph/v1/me-egad-data#observation.AAL231132507.20230303.335671,http://w3id.org/sawgraph/v1/me-egad-data#parameter.PFOA_A,4.83,http://qudt.org/vocab/unit/NanoGM-PER-L
http://w3id.org/sawgraph/v1/me-egad-data#samplePoint.107589,http://w3id.org/sawgraph/v1/me-egad-data#sampledFeature.107589,http://w3id.org/sawgraph/v1/me-egad-data#observation.AAL231132507.20230303.355464,http://w3id.org/sawgraph/v1/me-egad-data#parameter.PFHXS_A,2.01,http://qudt.org/vocab/unit/NanoGM-PER-L
http://w3id.org/sawgraph/v1/me-egad-data#samplePoint.107589,http://w3id.org/sawgraph/v1/me-egad-data#sampledFeature.107589,http://w3id.org/sawgraph/v1/me-egad-data#observation.AAL231132507.20230303.DEP18010,http://w3id.org/sawgraph/v1/me-egad-data#parameter.SUM_PFOA_PFOS,4.83,http://qudt.org/vocab/unit/NanoGM-PER-L
http://w3id.org/sawgraph/v1/me-egad-data#samplePoint.107589,http://w3id.org/sawgraph/v1/me-egad-data#sampledFeature.107589,http://w3id.org/sawgraph/v1/me-egad-data#observation.AAL231132507.20230303.DEP18016,http://w3id.org/sawgraph/v1/me-egad-data#parameter.SUM_OF_5_PFAS,6.84,http://qudt.org/vocab/unit/NanoGM-PER-L
http://w3id.org/sawgraph/v1/me-egad-data#samplePoint.107589,http://w3id.org/sawgraph/v1/me-egad-data#sampledFeature.107589,http://w3id.org/sawgraph/v1/me-egad-data#observation.AAL231132507.20230303.DEP18018,http://w3id.org/sawgraph/v1/me-egad-data#parameter.SUM_OF_6_PFAS,6.84,http://qudt.org/vocab/unit/NanoGM-PER-L
http://w3id.org/sawgraph/v1/me-egad-data#samplePoint.95073,http://w3id.org/sawgraph/v1/me-egad-data#sampledFeature.95073,http://w3id.org/sawgraph/v1/me-egad-data#observation.AAL231132509.20230303.1763231,http://w3id.org/sawgraph/v1/me-egad-data#parameter.PFOS_A,1.96,http://qudt.org/vocab/unit/NanoGM-PER-L
http://w3id.org/sawgraph/v1/me-egad-data#samplePoint.95073,http://w3id.org/sawgraph/v1/me-egad-data#sampledFeature.95073,http://w3id.org/sawgraph/v1/me-egad-data#observation.AAL231132509.20230303.335671,http://w3id.org/sawgraph/v1/me-egad-data#parameter.PFOA_A,3.08,http://qudt.org/vocab/unit/NanoGM-PER-L
http://w3id.org/sawgraph/v1/me-egad-data#samplePoint.95073,http://w3id.org/sawgraph/v1/me-egad-data#sampledFeature.95073,http://w3id.org/sawgraph/v1/me-egad-data#observation.AAL231132509.20230303.355464,http://w3id.org/sawgraph/v1/me-egad-data#parameter.PFHXS_A,2.01,http://qudt.org/vocab/unit/NanoGM-PER-L
http://w3id.org/sawgraph/v1/me-egad-data#samplePoint.95073,http://w3id.org/sawgraph/v1/me-egad-data#sampledFeature.95073,http://w3id.org/sawgraph/v1/me-egad-data#observation.AAL231132509.20230303.DEP18010,http://w3id.org/sawgraph/v1/me-egad-data#parameter.SUM_PFOA_PFOS,5.04,http://qudt.org/vocab/unit/NanoGM-PER-L
http://w3id.org/sawgraph/v1/me-egad-data#samplePoint.95073,http://w3id.org/sawgraph/v1/me-egad-data#sampledFeature.95073,http://w3id.org/sawgraph/v1/me-egad-data#observation.AAL231132509.20230303.DEP18016,http://w3id.org/sawgraph/v1/me-egad-data#parameter.SUM_OF_5_PFAS,7.05,http://qudt.org/vocab/unit/NanoGM-PER-L
http://w3id.org/sawgraph/v1/me-egad-data#samplePoint.95073,http://w3id.org/sawgraph/v1/me-egad-data#sampledFeature.95073,http://w3id.org/sawgraph/v1/me-egad-data#observation.AAL231132509.20230303.DEP18018,http://w3id.org/sawgraph/v1/me-egad-data#parameter.SUM_OF_6_PFAS,7.05,http://qudt.org/vocab/unit/NanoGM-PER-L
http://w3id.org/sawgraph/v1/me-egad-data#samplePoint.95076,http://w3id.org/sawgraph/v1/me-egad-data#sampledFeature.95076,http://w3id.org/sawgraph/v1/me-egad-data#observation.AAL231132511.20230303.335671,http://w3id.org/sawgraph/v1/me-egad-data#parameter.PFOA_A,2.77,http://qudt.org/vocab/unit/NanoGM-PER-L
http://w3id.org/sawgraph/v1/me-egad-data#samplePoint.95076,http://w3id.org/sawgraph/v1/me-egad-data#sampledFeature.95076,http://w3id.org/sawgraph/v1/me-egad-data#observation.AAL231132511.20230303.DEP18010,http://w3id.org/sawgraph/v1/me-egad-data#parameter.SUM_PFOA_PFOS,2.77,http://qudt.org/vocab/unit/NanoGM-PER-L
http://w3id.org/sawgraph/v1/me-egad-data#samplePoint.95076,http://w3id.org/sawgraph/v1/me-egad-data#sampledFeature.95076,http://w3id.org/sawgraph/v1/me-egad-data#observation.AAL231132511.20230303.DEP18016,http://w3id.org/sawgraph/v1/me-egad-data#parameter.SUM_OF_5_PFAS,2.77,http://qudt.org/vocab/unit/NanoGM-PER-L
http://w3id.org/sawgraph/v1/me-egad-data#samplePoint.95076,http://w3id.org/sawgraph/v1/me-egad-data#sampledFeature.95076,http://w3id.org/sawgraph/v1/me-egad-data#observation.AAL231132511.20230303.DEP18018,http://w3id.org/sawgraph/v1/me-egad-data#parameter.SUM_OF_6_PFAS,2.77,http://qudt.org/vocab/unit/NanoGM-PER-L
http://w3id.org/sawgraph/v1/me-egad-data#samplePoint.95076,http://w3id.org/sawgraph/v1/me-egad-data#sampledFeature.95076,http://w3id.org/sawgraph/v1/me-egad-data#observation.AAL231132512.20230303.335671,http://w3id.org/sawgraph/v1/me-egad-data#parameter.PFOA_A,2.69,http://qudt.org/vocab/unit/NanoGM-PER-L
http://w3id.org/sawgraph/v1/me-egad-data#samplePoint.95076,http://w3id.org/sawgraph/v1/me-egad-data#sampledFeature.95076,http://w3id.org/sawgraph/v1/me-egad-data#observation.AAL231132512.20230303.DEP18010,http://w3id.org/sawgraph/v1/me-egad-data#parameter.SUM_PFOA_PFOS,2.69,http://qudt.org/vocab/unit/NanoGM-PER-L
http://w3id.org/sawgraph/v1/me-egad-data#samplePoint.95076,http://w3id.org/sawgraph/v1/me-egad-data#sampledFeature.95076,http://w3id.org/sawgraph/v1/me-egad-data#observation.AAL231132512.20230303.DEP18016,http://w3id.org/sawgraph/v1/me-egad-data#parameter.SUM_OF_5_PFAS,2.69,http://qudt.org/vocab/unit/NanoGM-PER-L
http://w3id.org/sawgraph/v1/me-egad-data#samplePoint.95076,http://w3id.org/sawgraph/v1/me-egad-data#sampledFeature.95076,http://w3id.org/sawgraph/v1/me-egad-data#observation.AAL231132512.20230303.DEP18018,http://w3id.org/sawgraph/v1/me-egad-data#parameter.SUM_OF_6_PFAS,2.69,http://qudt.org/vocab/unit/NanoGM-PER-L
http://w3id.org/sawgraph/v1/me-egad-data#samplePoint.95065,http://w3id.org/sawgraph/v1/me-egad-data#sampledFeature.95065,http://w3id.org/sawgraph/v1/me-egad-data#observation.AAL231132513.20230303.335671,http://w3id.org/sawgraph/v1/me-egad-data#parameter.PFOA_A,3.64,http://qudt.org/vocab/unit/NanoGM-PER-L
http://w3id.org/sawgraph/v1/me-egad-data#samplePoint.95065,http://w3id.org/sawgraph/v1/me-egad-data#sampledFeature.95065,http://w3id.org/sawgraph/v1/me-egad-data#observation.AAL231132513.20230303.DEP18010,http://w3id.org/sawgraph/v1/me-egad-data#parameter.SUM_PFOA_PFOS,3.64,http://qudt.org/vocab/unit/NanoGM-PER-L
http://w3id.org/sawgraph/v1/me-egad-data#samplePoint.95065,http://w3id.org/sawgraph/v1/me-egad-data#sampledFeature.95065,http://w3id.org/sawgraph/v1/me-egad-data#observation.AAL231132513.20230303.DEP18016,http://w3id.org/sawgraph/v1/me-egad-data#parameter.SUM_OF_5_PFAS,3.64,http://qudt.org/vocab/unit/NanoGM-PER-L
http://w3id.org/sawgraph/v1/me-egad-data#samplePoint.95065,http://w3id.org/sawgraph/v1/me-egad-data#sampledFeature.95065,http://w3id.org/sawgraph/v1/me-egad-data#observation.AAL231132513.20230303.DEP18018,http://w3id.org/sawgraph/v1/me-egad-data#parameter.SUM_OF_6_PFAS,3.64,http://qudt.org/vocab/unit/NanoGM-PER-L
http://w3id.org/sawgraph/v1/me-egad-data#samplePoint.142179,http://w3id.org/sawgraph/v1/me-egad-data#sampledFeature.142179,http://w3id.org/sawgraph/v1/me-egad-data#observation.AAL231132515.20230303.335671,http://w3id.org/sawgraph/v1/me-egad-data#parameter.PFOA_A,4.7,http://qudt.org/vocab/unit/NanoGM-PER-L
http://w3id.org/sawgraph/v1/me-egad-data#samplePoint.142179,http://w3id.org/sawgraph/v1/me-egad-data#sampledFeature.142179,http://w3id.org/sawgraph/v1/me-egad-data#observation.AAL231132515.20230303.DEP18010,http://w3id.org/sawgraph/v1/me-egad-data#parameter.SUM_PFOA_PFOS,4.7,http://qudt.org/vocab/unit/NanoGM-PER-L
http://w3id.org/sawgraph/v1/me-egad-data#samplePoint.142179,http://w3id.org/sawgraph/v1/me-egad-data#sampledFeature.142179,http://w3id.org/sawgraph/v1/me-egad-data#observation.AAL231132515.20230303.DEP18016,http://w3id.org/sawgraph/v1/me-egad-data#parameter.SUM_OF_5_PFAS,4.7,http://qudt.org/vocab/unit/NanoGM-PER-L
http://w3id.org/sawgraph/v1/me-egad-data#samplePoint.142179,http://w3id.org/sawgraph/v1/me-egad-data#sampledFeature.142179,http://w3id.org/sawgraph/v1/me-egad-data#observation.AAL231132515.20230303.DEP18018,http://w3id.org/sawgraph/v1/me-egad-data#parameter.SUM_OF_6_PFAS,4.7,http://qudt.org/vocab/unit/NanoGM-PER-L
http://w3id.org/sawgraph/v1/me-egad-data#samplePoint.133165,http://w3id.org/sawgraph/v1/me-egad-data#sampledFeature.133165,http://w3id.org/sawgraph/v1/me-egad-data#observation.AAWHL180261301.20180124.1763231,http://w3id.org/sawgraph/v1/me-egad-data#parameter.PFOS_A,4180.0,http://qudt.org/vocab/unit/NanoGM-PER-L
http://w3id.org/sawgraph/v1/me-egad-data#samplePoint.133165,http://w3id.org/sawgraph/v1/me-egad-data#sampledFeature.133165,http://w3id.org/sawgraph/v1/me-egad-data#observation.AAWHL180261301.20180124.2706914,http://w3id.org/sawgraph/v1/me-egad-data#parameter.PFPES_A,544.0,http://qudt.org/vocab/unit/NanoGM-PER-L
http://w3id.org/sawgraph/v1/me-egad-data#samplePoint.133165,http://w3id.org/sawgraph/v1/me-egad-data#sampledFeature.133165,http://w3id.org/sawgraph/v1/me-egad-data#observation.AAWHL180261301.20180124.2991506,http://w3id.org/sawgraph/v1/me-egad-data#parameter.N-EtFOSAA_A,918.0,http://qudt.org/vocab/unit/NanoGM-PER-L
http://w3id.org/sawgraph/v1/me-egad-data#samplePoint.133165,http://w3id.org/sawgraph/v1/me-egad-data#sampledFeature.133165,http://w3id.org/sawgraph/v1/me-egad-data#observation.AAWHL180261301.20180124.307244,http://w3id.org/sawgraph/v1/me-egad-data#parameter.PFHXA_A,342.0,http://qudt.org/vocab/unit/NanoGM-PER-L
http://w3id.org/sawgraph/v1/me-egad-data#samplePoint.133165,http://w3id.org/sawgraph/v1/me-egad-data#sampledFeature.133165,http://w3id.org/sawgraph/v1/me-egad-data#observation.AAWHL180261301.20180124.335671,http://w3id.org/sawgraph/v1/me-egad-data#parameter.PFOA_A,860.0,http://qudt.org/vocab/unit/NanoGM-PER-L
http://w3id.org/sawgraph/v1/me-egad-data#samplePoint.133165,http://w3id.org/sawgraph/v1/me-egad-data#sampledFeature.133165,http://w3id.org/sawgraph/v1/me-egad-data#observation.AAWHL180261301.20180124.355464,http://w3id.org/sawgraph/v1/me-egad-data#parameter.PFHXS_A,1100.0,http://qudt.org/vocab/unit/NanoGM-PER-L
http://w3id.org/sawgraph/v1/me-egad-data#samplePoint.133165,http://w3id.org/sawgraph/v1/me-egad-data#sampledFeature.133165,http://w3id.org/sawgraph/v1/me-egad-data#observation.AAWHL180261301.20180124.375224,http://w3id.org/sawgraph/v1/me-egad-data#parameter.PFBA_A,295.0,http://qudt.org/vocab/unit/NanoGM-PER-L
http://w3id.org/sawgraph/v1/me-egad-data#samplePoint.133165,http://w3id.org/sawgraph/v1/me-egad-data#sampledFeature.133165,http://w3id.org/sawgraph/v1/me-egad-data#observation.AAWHL180261301.20180124.375735,http://w3id.org/sawgraph/v1/me-egad-data#parameter.PFBS_A,629.0,http://qudt.org/vocab/unit/NanoGM-PER-L
http://w3id.org/sawgraph/v1/me-egad-data#samplePoint.133165,http://w3id.org/sawgraph/v1/me-egad-data#sampledFeature.133165,http://w3id.org/sawgraph/v1/me-egad-data#observation.AAWHL180261301.20180124.375859,http://w3id.org/sawgraph/v1/me-egad-data#parameter.PFHPA_A,258.0,http://qudt.org/vocab/unit/NanoGM-PER-L
http://w3id.org/sawgraph/v1/me-egad-data#samplePoint.133165,http://w3id.org/sawgraph/v1/me-egad-data#sampledFeature.133165,http://w3id.org/sawgraph/v1/me-egad-data#observation.AAWHL180261301.20180124.DEP18010,http://w3id.org/sawgraph/v1/me-egad-data#parameter.SUM_PFOA_PFOS,5040.0,http://qudt.org/vocab/unit/NanoGM-PER-L
http://w3id.org/sawgraph/v1/me-egad-data#samplePoint.133165,http://w3id.org/sawgraph/v1/me-egad-data#sampledFeature.133165,http://w3id.org/sawgraph/v1/me-egad-data#observation.AAWHL180261301.20180124.DEP18016,http://w3id.org/sawgraph/v1/me-egad-data#parameter.SUM_OF_5_PFAS,6398.0,http://qudt.org/vocab/unit/NanoGM-PER-L
http://w3id.org/sawgraph/v1/me-egad-data#samplePoint.133165,http://w3id.org/sawgraph/v1/me-egad-data#sampledFeature.133165,http://w3id.org/sawgraph/v1/me-egad-data#observation.AAWHL180261301.20180124.DEP18018,http://w3id.org/sawgraph/v1/me-egad-data#parameter.SUM_OF_6_PFAS,6398.0,http://qudt.org/vocab/unit/NanoGM-PER-L
http://w3id.org/sawgraph/v1/me-egad-data#samplePoint.133165,http://w3id.org/sawgraph/v1/me-egad-data#sampledFeature.133165,http://w3id.org/sawgraph/v1/me-egad-data#observation.AAWHL180753901.20180305.1763231,http://w3id.org/sawgraph/v1/me-egad-data#parameter.PFOS_A,3990.0,http://qudt.org/vocab/unit/NanoGM-PER-L
http://w3id.org/sawgraph/v1/me-egad-data#samplePoint.133165,http://w3id.org/sawgraph/v1/me-egad-data#sampledFeature.133165,http://w3id.org/sawgraph/v1/me-egad-data#observation.AAWHL180753901.20180305.335671,http://w3id.org/sawgraph/v1/me-egad-data#parameter.PFOA_A,919.0,http://qudt.org/vocab/unit/NanoGM-PER-L
http://w3id.org/sawgraph/v1/me-egad-data#samplePoint.133165,http://w3id.org/sawgraph/v1/me-egad-data#sampledFeature.133165,http://w3id.org/sawgraph/v1/me-egad-data#observation.AAWHL180753901.20180305.355464,http://w3id.org/sawgraph/v1/me-egad-data#parameter.PFHXS_A,903.0,http://qudt.org/vocab/unit/NanoGM-PER-L
http://w3id.org/sawgraph/v1/me-egad-data#samplePoint.133165,http://w3id.org/sawgraph/v1/me-egad-data#sampledFeature.133165,http://w3id.org/sawgraph/v1/me-egad-data#observation.AAWHL180753901.20180305.375735,http://w3id.org/sawgraph/v1/me-egad-data#parameter.PFBS_A,727.0,http://qudt.org/vocab/unit/NanoGM-PER-L
http://w3id.org/sawgraph/v1/me-egad-data#samplePoint.133165,http://w3id.org/sawgraph/v1/me-egad-data#sampledFeature.133165,http://w3id.org/sawgraph/v1/me-egad-data#observation.AAWHL180753901.20180305.DEP18010,http://w3id.org/sawgraph/v1/me-egad-data#parameter.SUM_PFOA_PFOS,4909.0,http://qudt.org/vocab/unit/NanoGM-PER-L
http://w3id.org/sawgraph/v1/me-egad-data#samplePoint.133165,http://w3id.org/sawgraph/v1/me-egad-data#sampledFeature.133165,http://w3id.org/sawgraph/v1/me-egad-data#observation.AAWHL180753901.20180305.DEP18016,http://w3id.org/sawgraph/v1/me-egad-data#parameter.SUM_OF_5_PFAS,5812.0,http://qudt.org/vocab/unit/NanoGM-PER-L
http://w3id.org/sawgraph/v1/me-egad-data#samplePoint.133165,http://w3id.org/sawgraph/v1/me-egad-data#sampledFeature.133165,http://w3id.org/sawgraph/v1/me-egad-data#observation.AAWHL180753901.20180305.DEP18018,http://w3id.org/sawgraph/v1/me-egad-data#parameter.SUM_OF_6_PFAS,5812.0,http://qudt.org/vocab/unit/NanoGM-PER-L
http://w3id.org/sawgraph/v1/me-egad-data#samplePoint.135683,http://w3id.org/sawgraph/v1/me-egad-data#sampledFeature.135683,http://w3id.org/sawgraph/v1/me-egad-data#observation.AAWHL180753902.20180305.1763231,http://w3id.org/sawgraph/v1/me-egad-data#parameter.PFOS_A,34.0,http://qudt.org/vocab/unit/NanoGM-PER-L
http://w3id.org/sawgraph/v1/me-egad-data#samplePoint.135683,http://w3id.org/sawgraph/v1/me-egad-data#sampledFeature.135683,http://w3id.org/sawgraph/v1/me-egad-data#observation.AAWHL180753902.20180305.335671,http://w3id.org/sawgraph/v1/me-egad-data#parameter.PFOA_A,14.9,http://qudt.org/vocab/unit/NanoGM-PER-L
http://w3id.org/sawgraph/v1/me-egad-data#samplePoint.135683,http://w3id.org/sawgraph/v1/me-egad-data#sampledFeature.135683,http://w3id.org/sawgraph/v1/me-egad-data#observation.AAWHL180753902.20180305.DEP18010,http://w3id.org/sawgraph/v1/me-egad-data#parameter.SUM_PFOA_PFOS,48.9,http://qudt.org/vocab/unit/NanoGM-PER-L
http://w3id.org/sawgraph/v1/me-egad-data#samplePoint.135683,http://w3id.org/sawgraph/v1/me-egad-data#sampledFeature.135683,http://w3id.org/sawgraph/v1/me-egad-data#observation.AAWHL180753902.20180305.DEP18016,http://w3id.org/sawgraph/v1/me-egad-data#parameter.SUM_OF_5_PFAS,48.9,http://qudt.org/vocab/unit/NanoGM-PER-L
http://w3id.org/sawgraph/v1/me-egad-data#samplePoint.135683,http://w3id.org/sawgraph/v1/me-egad-data#sampledFeature.135683,http://w3id.org/sawgraph/v1/me-egad-data#observation.AAWHL180753902.20180305.DEP18018,http://w3id.org/sawgraph/v1/me-egad-data#parameter.SUM_OF_6_PFAS,48.9,http://qudt.org/vocab/unit/NanoGM-PER-L
http://w3id.org/sawgraph/v1/me-egad-data#samplePoint.135683,http://w3id.org/sawgraph/v1/me-egad-data#sampledFeature.135683,http://w3id.org/sawgraph/v1/me-egad-data#observation.AAWHL180753903.20180305.1763231,http://w3id.org/sawgraph/v1/me-egad-data#parameter.PFOS_A,26.1,http://qudt.org/vocab/unit/NanoGM-PER-L
http://w3id.org/sawgraph/v1/me-egad-data#samplePoint.135683,http://w3id.org/sawgraph/v1/me-egad-data#sampledFeature.135683,http://w3id.org/sawgraph/v1/me-egad-data#observation.AAWHL180753903.20180305.335671,http://w3id.org/sawgraph/v1/me-egad-data#parameter.PFOA_A,10.1,http://qudt.org/vocab/unit/NanoGM-PER-L
http://w3id.org/sawgraph/v1/me-egad-data#samplePoint.135683,http://w3id.org/sawgraph/v1/me-egad-data#sampledFeature.135683,http://w3id.org/sawgraph/v1/me-egad-data#observation.AAWHL180753903.20180305.DEP18010,http://w3id.org/sawgraph/v1/me-egad-data#parameter.SUM_PFOA_PFOS,36.2,http://qudt.org/vocab/unit/NanoGM-PER-L
http://w3id.org/sawgraph/v1/me-egad-data#samplePoint.135683,http://w3id.org/sawgraph/v1/me-egad-data#sampledFeature.135683,http://w3id.org/sawgraph/v1/me-egad-data#observation.AAWHL180753903.20180305.DEP18016,http://w3id.org/sawgraph/v1/me-egad-data#parameter.SUM_OF_5_PFAS,36.2,http://qudt.org/vocab/unit/NanoGM-PER-L
http://w3id.org/sawgraph/v1/me-egad-data#samplePoint.135683,http://w3id.org/sawgraph/v1/me-egad-data#sampledFeature.135683,http://w3id.org/sawgraph/v1/me-egad-data#observation.AAWHL180753903.20180305.DEP18018,http://w3id.org/sawgraph/v1/me-egad-data#parameter.SUM_OF_6_PFAS,36.2,http://qudt.org/vocab/unit/NanoGM-PER-L
http://w3id.org/sawgraph/v1/me-egad-data#samplePoint.135682,http://w3id.org/sawgraph/v1/me-egad-data#sampledFeature.135682,http://w3id.org/sawgraph/v1/me-egad-data#observation.AAWHL180753904.20180305.1763231,http://w3id.org/sawgraph/v1/me-egad-data#parameter.PFOS_A,5.24,http://qudt.org/vocab/unit/NanoGM-PER-L
http://w3id.org/sawgraph/v1/me-egad-data#samplePoint.135682,http://w3id.org/sawgraph/v1/me-egad-data#sampledFeature.135682,http://w3id.org/sawgraph/v1/me-egad-data#observation.AAWHL180753904.20180305.335671,http://w3id.org/sawgraph/v1/me-egad-data#parameter.PFOA_A,2.64,http://qudt.org/vocab/unit/NanoGM-PER-L
http://w3id.org/sawgraph/v1/me-egad-data#samplePoint.135682,http://w3id.org/sawgraph/v1/me-egad-data#sampledFeature.135682,http://w3id.org/sawgraph/v1/me-egad-data#observation.AAWHL180753904.20180305.DEP18010,http://w3id.org/sawgraph/v1/me-egad-data#parameter.SUM_PFOA_PFOS,7.88,http://qudt.org/vocab/unit/NanoGM-PER-L
http://w3id.org/sawgraph/v1/me-egad-data#samplePoint.135682,http://w3id.org/sawgraph/v1/me-egad-data#sampledFeature.135682,http://w3id.org/sawgraph/v1/me-egad-data#observation.AAWHL180753904.20180305.DEP18016,http://w3id.org/sawgraph/v1/me-egad-data#parameter.SUM_OF_5_PFAS,7.88,http://qudt.org/vocab/unit/NanoGM-PER-L
http://w3id.org/sawgraph/v1/me-egad-data#samplePoint.135682,http://w3id.org/sawgraph/v1/me-egad-data#sampledFeature.135682,http://w3id.org/sawgraph/v1/me-egad-data#observation.AAWHL180753904.20180305.DEP18018,http://w3id.org/sawgraph/v1/me-egad-data#parameter.SUM_OF_6_PFAS,7.88,http://qudt.org/vocab/unit/NanoGM-PER-L
http://w3id.org/sawgraph/v1/me-egad-data#samplePoint.135581,http://w3id.org/sawgraph/v1/me-egad-data#sampledFeature.135581,http://w3id.org/sawgraph/v1/me-egad-data#observation.AAWHL181505702.20180427.1763231,http://w3id.org/sawgraph/v1/me-egad-data#parameter.PFOS_A,1790.0,http://qudt.org/vocab/unit/NanoGM-PER-L
